no_instances,time_spent
0,0
1,0.233867
2,0.259055
3,0.268861
4,0.306099
5,0.390812
6,0.430935
7,0.507308
8,0.553595
9,0.589182
10,0.590591
11,0.610429
12,0.657524
13,0.668603
14,0.694121
15,0.697882
16,0.704156
17,0.705209
18,0.72283
19,0.729239
20,0.736591
21,0.745502
22,0.798596
23,0.811613
24,0.828508
25,0.848045
26,0.848746
27,0.851478
28,0.870353
29,0.884446
30,0.888863
31,0.89875
32,0.907055
33,0.908339
34,0.916528
35,0.939316
36,0.956233
37,0.960012
38,0.977587
39,0.992584
40,0.994961
41,1.005846
42,1.019788
43,1.051176
44,1.078334
45,1.088479
46,1.1483
47,1.168
48,1.179031
49,1.18406
50,1.185789
51,1.196144
52,1.196596
53,1.198272
54,1.207728
55,1.218413
56,1.243284
57,1.286174
58,1.289605
59,1.312365
60,1.345505
61,1.366282
62,1.367207
63,1.371841
64,1.384209
65,1.389104
66,1.403891
67,1.457651
68,1.465243
69,1.477026
70,1.496977
71,1.553739
72,1.582323
73,1.585287
74,1.601968
75,1.642838
76,1.64609
77,1.724375
78,1.724861
79,1.725689
80,1.7258
81,1.756228
82,1.777048
83,1.854641
84,1.902267
85,1.940584
86,1.992589
87,2.011741
88,2.030195
89,2.045147
90,2.142357
91,2.14924
92,2.16457
93,2.197182
94,2.211445
95,2.271633
96,2.290182
97,2.323323
98,2.373995
99,2.66023
100,2.866393
100,5.545149
