no_instances,time_spent
0,0
1,0.231867
2,0.236077
3,0.263359
4,0.274925
5,0.294734
6,0.333688
7,0.367223
8,0.373108
9,0.375463
10,0.478068
11,0.47884
12,0.509001
13,0.526055
14,0.541618
15,0.551596
16,0.568641
17,0.580428
18,0.581961
19,0.599023
20,0.605205
21,0.620112
22,0.633519
23,0.639255
24,0.655399
25,0.676725
26,0.70388
27,0.71153
28,0.722674
29,0.727724
30,0.730839
31,0.732825
32,0.739255
33,0.765182
34,0.77531
35,0.784442
36,0.803013
37,0.809278
38,0.823297
39,0.82593
40,0.833576
41,0.836804
42,0.845155
43,0.850586
44,0.851292
45,0.855594
46,0.896888
47,0.900873
48,0.904427
49,0.918414
50,0.921002
51,0.925261
52,0.930128
53,0.941852
54,0.943909
55,0.945912
56,0.958208
57,0.970301
58,0.977204
59,1.022828
60,1.02986
61,1.032125
62,1.05585
63,1.06064
64,1.062023
65,1.078367
66,1.081558
67,1.092674
68,1.094015
69,1.108052
70,1.142776
71,1.154238
72,1.163366
73,1.173659
74,1.185028
75,1.200011
76,1.234015
77,1.254376
78,1.284331
79,1.284687
80,1.293562
81,1.299292
82,1.336004
83,1.372599
84,1.399031
85,1.416068
86,1.445304
87,1.450897
88,1.468412
89,1.472247
90,1.519221
91,1.63465
92,1.712034
93,1.754535
94,1.775356
95,1.777444
96,1.826534
97,1.971398
98,2.013612
99,2.108423
100,2.5964
100,5.545149
