no_instances,time_spent
0,0
1,0.044584
2,0.046348
3,0.048615
4,0.055449
5,0.056083
6,0.057226
7,0.057723
8,0.058025
9,0.05833
10,0.05874
11,0.059277
12,0.060451
13,0.061554
14,0.062621
15,0.063028
16,0.06693
17,0.176351
18,0.182385
19,0.184238
20,0.217428
21,0.219848
22,0.22295
23,0.225018
24,0.227484
25,0.227864
26,0.227877
27,0.228926
28,0.228992
29,0.229219
30,0.231485
31,0.235859
32,0.238188
33,0.239418
34,0.239807
35,0.246109
36,0.246276
37,0.247828
38,0.249112
39,0.249751
40,0.250781
41,0.251113
42,0.251966
43,0.25336
44,0.258037
45,0.261048
46,0.262108
47,0.262814
48,0.264534
49,0.283618
50,0.308371
51,0.31468
52,0.337072
53,0.338838
54,0.345401
55,0.35239
56,0.364169
57,0.365228
58,0.366152
59,0.36686
60,0.378833
61,0.385578
62,0.393116
63,0.40308
64,0.405436
65,0.411181
66,0.419251
67,0.419597
68,0.423947
69,0.438085
70,0.43815
71,0.441657
72,0.467354
73,0.491063
74,0.497633
75,0.502597
76,0.504288
77,0.526759
78,0.53511
79,0.559055
80,0.560291
81,0.563867
82,0.568573
83,0.58918
84,0.589979
85,0.626389
86,0.628803
87,0.630116
88,0.658975
89,0.664873
90,0.676361
91,0.679709
92,0.680361
93,0.706245
94,0.712931
95,0.739152
96,0.772301
97,0.986265
98,1.057746
99,1.092242
100,1.407019
100,2.077099
