no_instances,time_spent
0,0
1,0.041149
2,0.041562
3,0.043291
4,0.045667
5,0.051693
6,0.052976
7,0.053702
8,0.056281
9,0.05638
10,0.057531
11,0.057578
12,0.069368
13,0.069791
14,0.071267
15,0.073896
16,0.07424
17,0.17798
18,0.200881
19,0.201955
20,0.201993
21,0.206925
22,0.208807
23,0.209457
24,0.212
25,0.21517
26,0.215978
27,0.218962
28,0.222569
29,0.223713
30,0.225609
31,0.231345
32,0.232038
33,0.234228
34,0.234863
35,0.238655
36,0.240467
37,0.245045
38,0.246256
39,0.247913
40,0.249323
41,0.25044
42,0.251868
43,0.252185
44,0.252423
45,0.267035
46,0.270627
47,0.273477
48,0.274998
49,0.290693
50,0.300308
51,0.303535
52,0.324382
53,0.327406
54,0.335118
55,0.35037
56,0.354249
57,0.355558
58,0.366526
59,0.370155
60,0.3768
61,0.379976
62,0.395599
63,0.402609
64,0.418586
65,0.423948
66,0.425048
67,0.429357
68,0.429888
69,0.43901
70,0.452057
71,0.453104
72,0.457409
73,0.46186
74,0.478261
75,0.493406
76,0.495858
77,0.498337
78,0.528868
79,0.530428
80,0.548377
81,0.558406
82,0.560024
83,0.56828
84,0.578921
85,0.583266
86,0.598992
87,0.637148
88,0.648412
89,0.657761
90,0.678499
91,0.686346
92,0.729765
93,0.735208
94,0.74024
95,0.796216
96,0.864419
97,1.005881
98,1.070489
99,1.131225
100,1.199194
100,2.077099
